501,Holtsville,NY,Suffolk,40.8154,-73.0451
544,Holtsville,NY,Suffolk,40.8154,-73.0451
1001,Agawam,MA,Hampden,42.0702,-72.6227
1002,Amherst,MA,Hampshire,42.3671,-72.4646
1003,Amherst,MA,Hampshire,42.3919,-72.5248
1004,Amherst,MA,Hampshire,42.3845,-72.5132
1005,Barre,MA,Worcester,42.4097,-72.1084
1007,Belchertown,MA,Hampshire,42.2751,-72.411
1008,Blandford,MA,Hampden,42.1829,-72.9361
1009,Bondsville,MA,Hampden,42.2061,-72.3405
1010,Brimfield,MA,Hampden,42.1165,-72.1885
1011,Chester,MA,Hampden,42.2794,-72.9888
1012,Chesterfield,MA,Hampshire,42.3923,-72.8256
1013,Chicopee,MA,Hampden,42.1487,-72.6079
1014,Chicopee,MA,Hampden,42.1707,-72.6048
1020,Chicopee,MA,Hampden,42.1764,-72.5761
1021,Chicopee,MA,Hampden,42.1707,-72.6048
1022,Chicopee,MA,Hampden,42.1934,-72.5544
1026,Cummington,MA,Hampshire,42.4633,-72.9202
1027,Easthampton,MA,Hampshire,42.2668,-72.669
1028,East Longmeadow,MA,Hampden,42.0672,-72.5056
1029,East Otis,MA,Berkshire,42.1909,-73.0517
1030,Feeding Hills,MA,Hampden,42.0718,-72.6751
1031,Gilbertville,MA,Worcester,42.3322,-72.1986
1032,Goshen,MA,Hampshire,42.4404,-72.7995
1033,Granby,MA,Hampshire,42.2557,-72.52
1034,Granville,MA,Hampden,42.1127,-72.952
1035,Hadley,MA,Hampshire,42.3606,-72.5715
1036,Hampden,MA,Hampden,42.0648,-72.4318
1037,Hardwick,MA,Worcester,42.3479,-72.2253
1038,Hatfield,MA,Hampshire,42.3844,-72.6167
1039,Haydenville,MA,Hampshire,42.3818,-72.7032
1040,Holyoke,MA,Hampden,42.202,-72.6262
1041,Holyoke,MA,Hampden,42.2043,-72.6162
1050,Huntington,MA,Hampshire,42.2653,-72.8733
1053,Leeds,MA,Hampshire,42.3543,-72.7034
1054,Leverett,MA,Franklin,42.4682,-72.4993
1056,Ludlow,MA,Hampden,42.1728,-72.471
1057,Monson,MA,Hampden,42.101,-72.3196
1059,North Amherst,MA,Hampshire,42.4104,-72.5309
1060,Northampton,MA,Hampshire,42.3223,-72.6313
1061,Northampton,MA,Hampshire,42.3696,-72.636
1062,Florence,MA,Hampshire,42.3219,-72.6928
1063,Northampton,MA,Hampshire,42.3179,-72.6402
1066,North Hatfield,MA,Hampshire,42.4067,-72.6339
1068,Oakham,MA,Worcester,42.348,-72.0513
1069,Palmer,MA,Hampden,42.1762,-72.3288
1070,Plainfield,MA,Hampshire,42.5144,-72.9183
1071,Russell,MA,Hampden,42.1471,-72.8403
1072,Shutesbury,MA,Franklin,42.482,-72.4213
1073,Southampton,MA,Hampshire,42.2247,-72.7194
1074,South Barre,MA,Worcester,42.3854,-72.0954
1075,South Hadley,MA,Hampshire,42.2375,-72.5811
1077,Southwick,MA,Hampden,42.0511,-72.7706
1079,Thorndike,MA,Hampden,42.1929,-72.3296
1080,Three Rivers,MA,Hampden,42.1819,-72.3624
1081,Wales,MA,Hampden,42.0627,-72.2046
1082,Ware,MA,Hampshire,42.2618,-72.2583
1083,Warren,MA,Worcester,42.204,-72.1994
1084,West Chesterfield,MA,Hampshire,42.3903,-72.8709
1085,Westfield,MA,Hampden,42.1251,-72.7495
1086,Westfield,MA,Hampden,42.1734,-72.848
1088,West Hatfield,MA,Hampshire,42.3906,-72.6469
1089,West Springfield,MA,Hampden,42.1151,-72.6411
1090,West Springfield,MA,Hampden,42.1707,-72.6048
1092,West Warren,MA,Worcester,42.2029,-72.229
1093,Whately,MA,Franklin,42.4427,-72.6525
1094,Wheelwright,MA,Worcester,42.3582,-72.1408
1095,Wilbraham,MA,Hampden,42.1245,-72.4464
1096,Williamsburg,MA,Hampshire,42.4085,-72.778
1097,Woronoco,MA,Hampden,42.164,-72.8295
1098,Worthington,MA,Hampshire,42.3843,-72.9314
1101,Springfield,MA,Hampden,42.1015,-72.5898
1102,Springfield,MA,Hampden,42.1707,-72.6048
1103,Springfield,MA,Hampden,42.1029,-72.5887
1104,Springfield,MA,Hampden,42.1288,-72.5778
1105,Springfield,MA,Hampden,42.0999,-72.5783
1106,Longmeadow,MA,Hampden,42.0507,-72.5676
1107,Springfield,MA,Hampden,42.1179,-72.6065
1108,Springfield,MA,Hampden,42.0853,-72.5584
1109,Springfield,MA,Hampden,42.1145,-72.5543
1111,Springfield,MA,Hampden,42.1707,-72.6048
1115,Springfield,MA,Hampden,42.1029,-72.5916
1116,Longmeadow,MA,Hampden,42.1707,-72.6048
1118,Springfield,MA,Hampden,42.0929,-72.5274
1119,Springfield,MA,Hampden,42.1247,-72.5121
1128,Springfield,MA,Hampden,42.0944,-72.4889
1129,Springfield,MA,Hampden,42.1223,-72.4876
1138,Springfield,MA,Hampden,42.1707,-72.6048
1139,Springfield,MA,Hampden,42.1707,-72.6048
1144,Springfield,MA,Hampden,42.1018,-72.5915
1151,Indian Orchard,MA,Hampden,42.1532,-72.505
1152,Springfield,MA,Hampden,42.1707,-72.6048
1199,Springfield,MA,Hampden,42.1199,-72.605
1201,Pittsfield,MA,Berkshire,42.4531,-73.2471
1202,Pittsfield,MA,Berkshire,42.3929,-73.2285
1203,Pittsfield,MA,Berkshire,42.3929,-73.2285
1220,Adams,MA,Berkshire,42.6223,-73.1172
1222,Ashley Falls,MA,Berkshire,42.0596,-73.3202
1223,Becket,MA,Berkshire,42.3594,-73.1203
1224,Berkshire,MA,Berkshire,42.5126,-73.1929
1225,Cheshire,MA,Berkshire,42.5611,-73.158
1226,Dalton,MA,Berkshire,42.475,-73.1603
1227,Dalton,MA,Berkshire,42.4737,-73.1662
1229,Glendale,MA,Berkshire,42.2793,-73.3435
1230,Great Barrington,MA,Berkshire,42.1959,-73.3607
1235,Hinsdale,MA,Berkshire,42.4298,-73.0724
1236,Housatonic,MA,Berkshire,42.2653,-73.3745
1237,Lanesborough,MA,Berkshire,42.5173,-73.2282
1238,Lee,MA,Berkshire,42.299,-73.2317
1240,Lenox,MA,Berkshire,42.3642,-73.2713
1242,Lenox Dale,MA,Berkshire,42.3386,-73.2509
1243,Middlefield,MA,Hampshire,42.3561,-73.0104
1244,Mill River,MA,Berkshire,42.1228,-73.254
1245,Monterey,MA,Berkshire,42.1867,-73.2065
1247,North Adams,MA,Berkshire,42.6955,-73.08
1252,North Egremont,MA,Berkshire,42.1986,-73.4462
1253,Otis,MA,Berkshire,42.1931,-73.0918
1254,Richmond,MA,Berkshire,42.3784,-73.3645
1255,Sandisfield,MA,Berkshire,42.1094,-73.1163
1256,Savoy,MA,Berkshire,42.577,-73.0233
1257,Sheffield,MA,Berkshire,42.1001,-73.3611
1258,South Egremont,MA,Berkshire,42.1012,-73.4566
1259,Southfield,MA,Berkshire,42.078,-73.2609
1260,South Lee,MA,Berkshire,42.2779,-73.2773
1262,Stockbridge,MA,Berkshire,42.301,-73.3223
1263,Stockbridge,MA,Berkshire,42.3929,-73.2285
1264,Tyringham,MA,Berkshire,42.22,-73.1979
1266,West Stockbridge,MA,Berkshire,42.3348,-73.3825
1267,Williamstown,MA,Berkshire,42.7089,-73.2036
1270,Windsor,MA,Berkshire,42.515,-73.0412
1301,Greenfield,MA,Franklin,42.6013,-72.6236
1302,Greenfield,MA,Franklin,42.5222,-72.6242
1330,Ashfield,MA,Franklin,42.5232,-72.811
1331,Athol,MA,Worcester,42.5959,-72.2267
1337,Bernardston,MA,Franklin,42.6952,-72.5772
1338,Buckland,MA,Franklin,42.5736,-72.8213
1339,Charlemont,MA,Franklin,42.608,-72.8901
1340,Colrain,MA,Franklin,42.679,-72.7265
1341,Conway,MA,Franklin,42.5138,-72.7025
1342,Deerfield,MA,Franklin,42.5406,-72.6072
1343,Drury,MA,Berkshire,42.6427,-72.9862
1344,Erving,MA,Franklin,42.6076,-72.4292
1346,Heath,MA,Franklin,42.6853,-72.8391
1347,Lake Pleasant,MA,Franklin,42.5566,-72.5181
1349,Millers Falls,MA,Franklin,42.582,-72.4926
1350,Monroe Bridge,MA,Franklin,42.7215,-72.9762
1351,Montague,MA,Franklin,42.5429,-72.5328
1354,Gill,MA,Franklin,42.6404,-72.4995
1355,New Salem,MA,Franklin,42.5146,-72.3062
1360,Northfield,MA,Franklin,42.6887,-72.451
1364,Orange,MA,Franklin,42.6129,-72.2924
1366,Petersham,MA,Worcester,42.4898,-72.1893
1367,Rowe,MA,Franklin,42.6953,-72.9258
1368,Royalston,MA,Worcester,42.6722,-72.1964
1370,Shelburne Falls,MA,Franklin,42.6022,-72.7391
1373,South Deerfield,MA,Franklin,42.4756,-72.6153
1375,Sunderland,MA,Franklin,42.4539,-72.5676
1376,Turners Falls,MA,Franklin,42.5954,-72.5557
1378,Warwick,MA,Franklin,42.6671,-72.3397
1379,Wendell,MA,Franklin,42.5656,-72.4009
1380,Wendell Depot,MA,Franklin,42.5534,-72.3927
1420,Fitchburg,MA,Worcester,42.5796,-71.8031
1430,Ashburnham,MA,Worcester,42.6496,-71.9267
1431,Ashby,MA,Middlesex,42.6745,-71.8174
1432,Ayer,MA,Middlesex,42.5591,-71.5788
1434,Devens,MA,Worcester,42.5385,-71.6115
1436,Baldwinville,MA,Worcester,42.5936,-72.0646
1438,East Templeton,MA,Worcester,42.5631,-72.037
1440,Gardner,MA,Worcester,42.574,-71.9898
1441,Westminster,MA,Worcester,42.5459,-71.9106
1450,Groton,MA,Middlesex,42.6124,-71.5584
1451,Harvard,MA,Worcester,42.4986,-71.5753
1452,Hubbardston,MA,Worcester,42.4865,-72.0012
1453,Leominster,MA,Worcester,42.5274,-71.7563
1460,Littleton,MA,Middlesex,42.5401,-71.4877
1462,Lunenburg,MA,Worcester,42.5884,-71.7266
1463,Pepperell,MA,Middlesex,42.6689,-71.5934
1464,Shirley,MA,Middlesex,42.5734,-71.6483
1467,Still River,MA,Worcester,42.4871,-71.6131
1468,Templeton,MA,Worcester,42.546,-72.065
1469,Townsend,MA,Middlesex,42.6525,-71.6896
1470,Groton,MA,Middlesex,42.6112,-71.5745
1471,Groton,MA,Middlesex,42.6112,-71.5745
1472,West Groton,MA,Middlesex,42.6043,-71.6273
1473,Westminster,MA,Worcester,42.5483,-71.9096
1474,West Townsend,MA,Middlesex,42.6678,-71.7522
1475,Winchendon,MA,Worcester,42.6789,-72.0475
1501,Auburn,MA,Worcester,42.2055,-71.8391
1503,Berlin,MA,Worcester,42.3844,-71.6356
1504,Blackstone,MA,Worcester,42.0287,-71.5269
1505,Boylston,MA,Worcester,42.3377,-71.731
1506,Brookfield,MA,Worcester,42.1991,-72.0989
1507,Charlton,MA,Worcester,42.1379,-71.9664
1508,Charlton City,MA,Worcester,42.1459,-71.9884
1509,Charlton Depot,MA,Worcester,42.1731,-71.9787
1510,Clinton,MA,Worcester,42.4181,-71.6828
1515,East Brookfield,MA,Worcester,42.2193,-72.0481
1516,Douglas,MA,Worcester,42.0528,-71.7509
1518,Fiskdale,MA,Worcester,42.1228,-72.1178
1519,Grafton,MA,Worcester,42.2004,-71.6868
1520,Holden,MA,Worcester,42.342,-71.8414
1521,Holland,MA,Hampden,42.0403,-72.1544
1522,Jefferson,MA,Worcester,42.3755,-71.8706
1523,Lancaster,MA,Worcester,42.451,-71.6868
1524,Leicester,MA,Worcester,42.237,-71.9188
1525,Linwood,MA,Worcester,42.0973,-71.6448
1526,Manchaug,MA,Worcester,42.0945,-71.7476
1527,Millbury,MA,Worcester,42.1968,-71.7644
1529,Millville,MA,Worcester,42.0331,-71.5798
1531,New Braintree,MA,Worcester,42.3198,-72.1306
1532,Northborough,MA,Worcester,42.3182,-71.6464
1534,Northbridge,MA,Worcester,42.1494,-71.6564
1535,North Brookfield,MA,Worcester,42.2665,-72.0821
1536,North Grafton,MA,Worcester,42.2297,-71.7037
1537,North Oxford,MA,Worcester,42.1655,-71.886
1538,North Uxbridge,MA,Worcester,42.0876,-71.6412
1540,Oxford,MA,Worcester,42.1129,-71.8687
1541,Princeton,MA,Worcester,42.4508,-71.8762
1542,Rochdale,MA,Worcester,42.1997,-71.9069
1543,Rutland,MA,Worcester,42.3762,-71.949
1545,Shrewsbury,MA,Worcester,42.2848,-71.7205
1546,Shrewsbury,MA,Worcester,42.3648,-71.8969
1550,Southbridge,MA,Worcester,42.075,-72.0353
1560,South Grafton,MA,Worcester,42.176,-71.6927
1561,South Lancaster,MA,Worcester,42.4435,-71.6861
1562,Spencer,MA,Worcester,42.2441,-71.9906
1564,Sterling,MA,Worcester,42.4354,-71.7752
1566,Sturbridge,MA,Worcester,42.1126,-72.0842
1568,Upton,MA,Worcester,42.1756,-71.6032
1569,Uxbridge,MA,Worcester,42.0744,-71.6329
1570,Webster,MA,Worcester,42.0521,-71.8486
1571,Dudley,MA,Worcester,42.0489,-71.8932
1581,Westborough,MA,Worcester,42.2679,-71.6176
1583,West Boylston,MA,Worcester,42.3584,-71.7838
1585,West Brookfield,MA,Worcester,42.2441,-72.1511
1586,West Millbury,MA,Worcester,42.1712,-71.8037
1588,Whitinsville,MA,Worcester,42.1153,-71.6644
1590,Sutton,MA,Worcester,42.1266,-71.7552
1601,Worcester,MA,Worcester,42.2626,-71.8023
1602,Worcester,MA,Worcester,42.2703,-71.8417
1603,Worcester,MA,Worcester,42.245,-71.838
1604,Worcester,MA,Worcester,42.2541,-71.7746
1605,Worcester,MA,Worcester,42.2894,-71.7888
1606,Worcester,MA,Worcester,42.311,-71.7958
1607,Worcester,MA,Worcester,42.2303,-71.7938
1608,Worcester,MA,Worcester,42.2624,-71.8003
1609,Worcester,MA,Worcester,42.2826,-71.8277
1610,Worcester,MA,Worcester,42.2492,-71.8108
1611,Cherry Valley,MA,Worcester,42.2373,-71.875
1612,Paxton,MA,Worcester,42.3066,-71.9202
1613,Worcester,MA,Worcester,42.2933,-71.802
1614,Worcester,MA,Worcester,42.2626,-71.8023
1615,Worcester,MA,Worcester,42.2626,-71.8023
1653,Worcester,MA,Worcester,42.3648,-71.8969
1655,Worcester,MA,Worcester,42.3648,-71.8969
1701,Framingham,MA,Middlesex,42.3007,-71.4255
1702,Framingham,MA,Middlesex,42.2822,-71.4339
1703,Framingham,MA,Middlesex,42.4464,-71.4594
1704,Framingham,MA,Middlesex,42.4464,-71.4594
1705,Framingham,MA,Middlesex,42.4464,-71.4594
1718,Acton,MA,Middlesex,42.4851,-71.4328
1719,Boxborough,MA,Middlesex,42.4884,-71.5178
1720,Acton,MA,Middlesex,42.4751,-71.4483
1721,Ashland,MA,Middlesex,42.2539,-71.4583
1730,Bedford,MA,Middlesex,42.4843,-71.2768
1731,Hanscom Afb,MA,Middlesex,42.4567,-71.2795
1740,Bolton,MA,Worcester,42.4365,-71.6076
1741,Carlisle,MA,Middlesex,42.5286,-71.3519
1742,Concord,MA,Middlesex,42.4567,-71.3747
1745,Fayville,MA,Worcester,42.2934,-71.5028
1746,Holliston,MA,Middlesex,42.2026,-71.4361
1747,Hopedale,MA,Worcester,42.1268,-71.5376
1748,Hopkinton,MA,Middlesex,42.219,-71.5302
1749,Hudson,MA,Middlesex,42.3918,-71.5609
1752,Marlborough,MA,Middlesex,42.3509,-71.5434
1754,Maynard,MA,Middlesex,42.4321,-71.455
1756,Mendon,MA,Worcester,42.0967,-71.5499
1757,Milford,MA,Worcester,42.1511,-71.5274
1760,Natick,MA,Middlesex,42.2875,-71.3574
1770,Sherborn,MA,Middlesex,42.2331,-71.3787
1772,Southborough,MA,Worcester,42.2939,-71.532
1773,Lincoln,MA,Middlesex,42.4217,-71.3137
1775,Stow,MA,Middlesex,42.4308,-71.515
1776,Sudbury,MA,Middlesex,42.3837,-71.4282
1778,Wayland,MA,Middlesex,42.3486,-71.3588
1784,Woodville,MA,Middlesex,42.2376,-71.562
1801,Woburn,MA,Middlesex,42.4829,-71.1574
1803,Burlington,MA,Middlesex,42.5089,-71.2004
1805,Burlington,MA,Middlesex,42.5048,-71.1956
1810,Andover,MA,Essex,42.6496,-71.1565
1812,Andover,MA,Essex,42.6472,-71.1842
1813,Woburn,MA,Middlesex,42.4793,-71.1523
1815,Woburn,MA,Middlesex,42.4793,-71.1523
1821,Billerica,MA,Middlesex,42.5519,-71.2518
1822,Billerica,MA,Middlesex,42.5584,-71.2689
1824,Chelmsford,MA,Middlesex,42.5911,-71.3556
1826,Dracut,MA,Middlesex,42.6764,-71.3186
1827,Dunstable,MA,Middlesex,42.6739,-71.4952
1830,Haverhill,MA,Essex,42.7856,-71.0721
1831,Haverhill,MA,Essex,42.7711,-71.1221
1832,Haverhill,MA,Essex,42.7792,-71.1095
1833,Georgetown,MA,Essex,42.7281,-70.9822
1834,Groveland,MA,Essex,42.753,-71.027
1835,Haverhill,MA,Essex,42.7528,-71.0843
1840,Lawrence,MA,Essex,42.708,-71.1638
1841,Lawrence,MA,Essex,42.7115,-71.167
1842,Lawrence,MA,Essex,42.707,-71.1631
1843,Lawrence,MA,Essex,42.6911,-71.1605
1844,Methuen,MA,Essex,42.728,-71.181
1845,North Andover,MA,Essex,42.6826,-71.109
1850,Lowell,MA,Middlesex,42.656,-71.3051
1851,Lowell,MA,Middlesex,42.6315,-71.3329
1852,Lowell,MA,Middlesex,42.6344,-71.2983
1853,Lowell,MA,Middlesex,42.6334,-71.3162
1854,Lowell,MA,Middlesex,42.6493,-71.3355
1860,Merrimac,MA,Essex,42.8346,-71.0047
1862,North Billerica,MA,Middlesex,42.5757,-71.2902
1863,North Chelmsford,MA,Middlesex,42.6347,-71.3908
1864,North Reading,MA,Middlesex,42.5819,-71.0947
1865,Nutting Lake,MA,Middlesex,42.5379,-71.2689
1866,Pinehurst,MA,Middlesex,42.5293,-71.2281
1867,Reading,MA,Middlesex,42.528,-71.109
1876,Tewksbury,MA,Middlesex,42.6028,-71.2232
1879,Tyngsboro,MA,Middlesex,42.6724,-71.4158
1880,Wakefield,MA,Middlesex,42.5009,-71.0685
1885,West Boxford,MA,Essex,42.707,-71.0639
1886,Westford,MA,Middlesex,42.5864,-71.4401
1887,Wilmington,MA,Middlesex,42.5581,-71.1723
1888,Woburn,MA,Middlesex,42.4793,-71.1523
1889,North Reading,MA,Middlesex,42.5716,-71.1096
1890,Winchester,MA,Middlesex,42.453,-71.1441
1899,Andover,MA,Essex,42.6584,-71.137
1901,Lynn,MA,Essex,42.4612,-70.9467
1902,Lynn,MA,Essex,42.4698,-70.942
1903,Lynn,MA,Essex,42.4668,-70.9495
1904,Lynn,MA,Essex,42.4889,-70.9647
1905,Lynn,MA,Essex,42.4694,-70.9728
1906,Saugus,MA,Essex,42.4633,-71.0111
1907,Swampscott,MA,Essex,42.4746,-70.9098
1908,Nahant,MA,Essex,42.4261,-70.9277
1910,Lynn,MA,Essex,42.4548,-70.9747
1913,Amesbury,MA,Essex,42.8559,-70.9367
1915,Beverly,MA,Essex,42.5608,-70.8759
1921,Boxford,MA,Essex,42.6797,-71.0114
1922,Byfield,MA,Essex,42.7568,-70.9351
1923,Danvers,MA,Essex,42.5694,-70.9425
1929,Essex,MA,Essex,42.6286,-70.7828
1930,Gloucester,MA,Essex,42.6208,-70.6721
1931,Gloucester,MA,Essex,42.6159,-70.662
1936,Hamilton,MA,Essex,42.6354,-70.8791
1937,Hathorne,MA,Essex,42.6354,-70.8791
1938,Ipswich,MA,Essex,42.6809,-70.8494
1940,Lynnfield,MA,Essex,42.5327,-71.0339
1944,Manchester,MA,Essex,42.5796,-70.7674
1945,Marblehead,MA,Essex,42.4984,-70.8653
1949,Middleton,MA,Essex,42.5942,-71.013
1950,Newburyport,MA,Essex,42.813,-70.8847
1951,Newbury,MA,Essex,42.7835,-70.8474
1952,Salisbury,MA,Essex,42.8507,-70.8588
1960,Peabody,MA,Essex,42.5326,-70.9612
1961,Peabody,MA,Essex,42.6354,-70.8791
1965,Prides Crossing,MA,Essex,42.5581,-70.8257
1966,Rockport,MA,Essex,42.658,-70.6194
1969,Rowley,MA,Essex,42.7138,-70.907
1970,Salem,MA,Essex,42.5151,-70.9003
1971,Salem,MA,Essex,42.6354,-70.8791
1982,South Hamilton,MA,Essex,42.6185,-70.8561
1983,Topsfield,MA,Essex,42.6415,-70.9488
1984,Wenham,MA,Essex,42.6017,-70.8786
1985,West Newbury,MA,Essex,42.7949,-70.9778
2018,Accord,MA,Plymouth,42.1745,-70.8837
2019,Bellingham,MA,Norfolk,42.0746,-71.4768
2020,Brant Rock,MA,Plymouth,42.0818,-70.6439
2021,Canton,MA,Norfolk,42.1645,-71.1355
2025,Cohasset,MA,Norfolk,42.2395,-70.8128
2026,Dedham,MA,Norfolk,42.2437,-71.1637
2027,Dedham,MA,Norfolk,42.18,-71.0892
2030,Dover,MA,Norfolk,42.2362,-71.2854
2032,East Walpole,MA,Norfolk,42.1532,-71.2179
2035,Foxboro,MA,Norfolk,42.0649,-71.2441
2038,Franklin,MA,Norfolk,42.0935,-71.4058
2040,Greenbush,MA,Plymouth,42.1793,-70.7495
2041,Green Harbor,MA,Plymouth,42.0696,-70.6491
2043,Hingham,MA,Plymouth,42.2245,-70.8911
2044,Hingham,MA,Plymouth,42.2418,-70.8898
2045,Hull,MA,Plymouth,42.2853,-70.8754
2047,Humarock,MA,Plymouth,42.1428,-70.6935
2048,Mansfield,MA,Bristol,42.0212,-71.2178
2050,Marshfield,MA,Plymouth,42.1062,-70.6993
2051,Marshfield Hills,MA,Plymouth,42.1512,-70.7341
2052,Medfield,MA,Norfolk,42.1845,-71.3048
2053,Medway,MA,Norfolk,42.1514,-71.4217
2054,Millis,MA,Norfolk,42.1669,-71.3607
2055,Minot,MA,Plymouth,42.2404,-70.762
2056,Norfolk,MA,Norfolk,42.1177,-71.3269
2059,North Marshfield,MA,Plymouth,42.1432,-70.7703
2060,North Scituate,MA,Plymouth,42.219,-70.7856
2061,Norwell,MA,Plymouth,42.1596,-70.8217
2062,Norwood,MA,Norfolk,42.1868,-71.2033
2065,Ocean Bluff,MA,Plymouth,42.0972,-70.6516
2066,Scituate,MA,Plymouth,42.2032,-70.7525
2067,Sharon,MA,Norfolk,42.1094,-71.1759
2070,Sheldonville,MA,Norfolk,42.0348,-71.387
2071,South Walpole,MA,Norfolk,42.0992,-71.2752
2072,Stoughton,MA,Norfolk,42.1253,-71.1074
2081,Walpole,MA,Norfolk,42.1444,-71.2544
2090,Westwood,MA,Norfolk,42.2148,-71.2104
2093,Wrentham,MA,Norfolk,42.0617,-71.3396
2108,Boston,MA,Suffolk,42.3576,-71.0684
2109,Boston,MA,Suffolk,42.36,-71.0545
2110,Boston,MA,Suffolk,42.3576,-71.0514
2111,Boston,MA,Suffolk,42.3503,-71.0629
2112,Boston,MA,Suffolk,42.3584,-71.0598
2113,Boston,MA,Suffolk,42.3657,-71.056
2114,Boston,MA,Suffolk,42.3611,-71.0682
2115,Boston,MA,Suffolk,42.3427,-71.0922
2116,Boston,MA,Suffolk,42.3492,-71.0768
2117,Boston,MA,Suffolk,42.3585,-71.058
2118,Boston,MA,Suffolk,42.3362,-71.0729
2119,Roxbury,MA,Suffolk,42.3251,-71.0953
2120,Roxbury Crossing,MA,Suffolk,42.3307,-71.0912
2121,Dorchester,MA,Suffolk,42.2973,-71.0745
2122,Dorchester,MA,Suffolk,42.2973,-71.0745
2123,Boston,MA,Suffolk,42.3389,-70.9196
2124,Dorchester Center,MA,Suffolk,42.2918,-71.0717
2125,Dorchester,MA,Suffolk,42.2973,-71.0745
2126,Mattapan,MA,Suffolk,42.2739,-71.0939
2127,Boston,MA,Suffolk,42.3347,-71.0375
2128,Boston,MA,Suffolk,42.3642,-71.0257
2129,Charlestown,MA,Suffolk,42.3778,-71.0627
2130,Jamaica Plain,MA,Suffolk,42.3126,-71.1115
2131,Roslindale,MA,Suffolk,42.2836,-71.1295
2132,West Roxbury,MA,Suffolk,42.2787,-71.1589
2133,Boston,MA,Suffolk,42.3584,-71.0598
2134,Allston,MA,Suffolk,42.3535,-71.1329
2135,Brighton,MA,Suffolk,42.3478,-71.1566
2136,Hyde Park,MA,Suffolk,42.254,-71.1261
2137,Readville,MA,Suffolk,42.2404,-71.137
2138,Cambridge,MA,Middlesex,42.377,-71.1256
2139,Cambridge,MA,Middlesex,42.3647,-71.1042
2140,Cambridge,MA,Middlesex,42.3932,-71.1338
2141,Cambridge,MA,Middlesex,42.3687,-71.0836
2142,Cambridge,MA,Middlesex,42.362,-71.083
2143,Somerville,MA,Middlesex,42.3829,-71.1028
2144,Somerville,MA,Middlesex,42.4003,-71.1221
2145,Somerville,MA,Middlesex,42.3907,-71.0929
2148,Malden,MA,Middlesex,42.4291,-71.0605
2149,Everett,MA,Middlesex,42.4112,-71.0514
2150,Chelsea,MA,Suffolk,42.3963,-71.0325
2151,Revere,MA,Suffolk,42.4138,-71.0052
2152,Winthrop,MA,Suffolk,42.3763,-70.98
2153,Medford,MA,Middlesex,42.4184,-71.1062
2155,Medford,MA,Middlesex,42.4173,-71.1087
2156,West Medford,MA,Middlesex,42.4223,-71.1328
2163,Boston,MA,Suffolk,42.3253,-71.1122
2169,Quincy,MA,Norfolk,42.2491,-70.9978
2170,Quincy,MA,Norfolk,42.2671,-71.0186
2171,Quincy,MA,Norfolk,42.2825,-71.0241
2176,Melrose,MA,Middlesex,42.4581,-71.0632
2180,Stoneham,MA,Middlesex,42.4828,-71.0978
2184,Braintree,MA,Norfolk,42.2093,-70.9963
2185,Braintree,MA,Norfolk,42.18,-71.0892
2186,Milton,MA,Norfolk,42.2537,-71.0771
2187,Milton Village,MA,Norfolk,42.2668,-71.0717
2188,Weymouth,MA,Norfolk,42.2113,-70.9582
2189,East Weymouth,MA,Norfolk,42.214,-70.9203
2190,South Weymouth,MA,Norfolk,42.1751,-70.9495
2191,North Weymouth,MA,Norfolk,42.2459,-70.9467
2196,Boston,MA,Suffolk,42.3584,-71.0598
2199,Boston,MA,Suffolk,42.3479,-71.0825
2201,Boston,MA,Suffolk,42.3584,-71.0598
2203,Boston,MA,Suffolk,42.3615,-71.0604
2204,Boston,MA,Suffolk,42.3389,-70.9196
2205,Boston,MA,Suffolk,42.3503,-71.0539
2206,Boston,MA,Suffolk,42.3389,-70.9196
2210,Boston,MA,Suffolk,42.3489,-71.0465
2211,Boston,MA,Suffolk,42.3584,-71.0598
2212,Boston,MA,Middlesex,42.3584,-71.0598
2215,Boston,MA,Suffolk,42.3471,-71.1027
2217,Boston,MA,Suffolk,42.3389,-70.9196
2222,Boston,MA,Suffolk,42.3644,-71.0633
2238,Cambridge,MA,Middlesex,42.3751,-71.1056
2241,Boston,MA,Suffolk,42.3584,-71.0598
2266,Boston,MA,Suffolk,42.3584,-71.0598
2269,Quincy,MA,Norfolk,42.2529,-71.0023
2283,Boston,MA,Suffolk,42.3389,-70.9196
2284,Boston,MA,Suffolk,42.3389,-70.9196
2293,Boston,MA,Suffolk,42.3584,-71.0598
2297,Boston,MA,Suffolk,42.3584,-71.0598
2298,Boston,MA,Suffolk,42.3823,-71.0323
2301,Brockton,MA,Plymouth,42.0794,-71.04
2302,Brockton,MA,Plymouth,42.0847,-71.0002
2303,Brockton,MA,Plymouth,42.0834,-71.0184
2304,Brockton,MA,Plymouth,42.0834,-71.0184
2305,Brockton,MA,Plymouth,42.0834,-71.0184
2322,Avon,MA,Norfolk,42.1258,-71.0437
2324,Bridgewater,MA,Plymouth,41.9773,-70.9723
2325,Bridgewater,MA,Plymouth,41.9873,-70.9728
2327,Bryantville,MA,Plymouth,42.0407,-70.8272
2330,Carver,MA,Plymouth,41.8883,-70.7678
2331,Duxbury,MA,Plymouth,41.9705,-70.7014
2332,Duxbury,MA,Plymouth,42.0399,-70.7163
2333,East Bridgewater,MA,Plymouth,42.0315,-70.945
2334,Easton,MA,Bristol,42.0235,-71.1324
2337,Elmwood,MA,Plymouth,42.0098,-70.962
2338,Halifax,MA,Plymouth,42.0002,-70.8448
2339,Hanover,MA,Plymouth,42.1214,-70.857
2340,Hanover,MA,Plymouth,42.1137,-70.8161
2341,Hanson,MA,Plymouth,42.0616,-70.8651
2343,Holbrook,MA,Norfolk,42.1464,-71.0083
2344,Middleboro,MA,Plymouth,41.8932,-70.9112
2345,Manomet,MA,Plymouth,41.8882,-70.581
2346,Middleboro,MA,Plymouth,41.8884,-70.893
2347,Lakeville,MA,Plymouth,41.8374,-70.9582
2348,Lakeville,MA,Plymouth,41.8459,-70.9495
2349,Middleboro,MA,Plymouth,41.8932,-70.9112
2350,Monponsett,MA,Plymouth,42.0185,-70.8475
2351,Abington,MA,Plymouth,42.1167,-70.9543
2355,North Carver,MA,Plymouth,41.9169,-70.8013
2356,North Easton,MA,Bristol,42.059,-71.1123
2357,North Easton,MA,Bristol,42.0645,-71.0871
2358,North Pembroke,MA,Plymouth,42.0932,-70.7925
2359,Pembroke,MA,Plymouth,42.0621,-70.8044
2360,Plymouth,MA,Plymouth,41.9104,-70.642
2361,Plymouth,MA,Plymouth,41.9705,-70.7014
2362,Plymouth,MA,Plymouth,41.9584,-70.6673
2364,Kingston,MA,Plymouth,41.995,-70.741
2366,South Carver,MA,Plymouth,41.8501,-70.7044
2367,Plympton,MA,Plymouth,41.9655,-70.8046
2368,Randolph,MA,Norfolk,42.1736,-71.0514
2370,Rockland,MA,Plymouth,42.1293,-70.9133
2375,South Easton,MA,Bristol,42.0257,-71.0988
2379,West Bridgewater,MA,Plymouth,42.0255,-71.0161
2381,White Horse Beach,MA,Plymouth,41.9316,-70.5611
2382,Whitman,MA,Plymouth,42.0816,-70.9381
2420,Lexington,MA,Middlesex,42.4563,-71.2167
2421,Lexington,MA,Middlesex,42.4426,-71.2265
2445,Brookline,MA,Norfolk,42.3259,-71.1341
2446,Brookline,MA,Norfolk,42.3431,-71.123
2447,Brookline Village,MA,Norfolk,42.3329,-71.1162
2451,Waltham,MA,Middlesex,42.3986,-71.2451
2452,Waltham,MA,Middlesex,42.3943,-71.218
2453,Waltham,MA,Middlesex,42.3654,-71.2317
2454,Waltham,MA,Middlesex,42.3567,-71.2505
2455,North Waltham,MA,Middlesex,42.3621,-71.2055
2456,New Town,MA,Middlesex,42.4464,-71.4594
2457,Babson Park,MA,Norfolk,42.18,-71.0892
2458,Newton,MA,Middlesex,42.3528,-71.1875
2459,Newton Center,MA,Middlesex,42.3341,-71.1833
2460,Newtonville,MA,Middlesex,42.352,-71.2084
2461,Newton Highlands,MA,Middlesex,42.3168,-71.2084
2462,Newton Lower Falls,MA,Middlesex,42.3299,-71.2562
2464,Newton Upper Falls,MA,Middlesex,42.3129,-71.2195
2465,West Newton,MA,Middlesex,42.3492,-71.2267
2466,Auburndale,MA,Middlesex,42.3441,-71.248
2467,Chestnut Hill,MA,Middlesex,42.3164,-71.1612
2468,Waban,MA,Middlesex,42.3271,-71.2315
2471,Watertown,MA,Middlesex,42.3709,-71.1828
2472,Watertown,MA,Middlesex,42.37,-71.1773
2474,Arlington,MA,Middlesex,42.4202,-71.1565
2475,Arlington Heights,MA,Middlesex,42.4204,-71.1801
2476,Arlington,MA,Middlesex,42.4162,-71.1752
2477,Watertown,MA,Middlesex,42.3709,-71.1828
2478,Belmont,MA,Middlesex,42.3959,-71.1787
2479,Waverley,MA,Middlesex,42.3876,-71.1828
2481,Wellesley Hills,MA,Norfolk,42.3106,-71.2747
2482,Wellesley,MA,Norfolk,42.2945,-71.2992
2492,Needham,MA,Norfolk,42.2798,-71.2501
2493,Weston,MA,Middlesex,42.3589,-71.3001
2494,Needham Heights,MA,Norfolk,42.2945,-71.2328
2495,Nonantum,MA,Middlesex,42.3626,-71.2023
2532,Buzzards Bay,MA,Barnstable,41.7455,-70.5905
2534,Cataumet,MA,Barnstable,41.6694,-70.6234
2535,Chilmark,MA,Dukes,41.3575,-70.7416
2536,East Falmouth,MA,Barnstable,41.5968,-70.5671
2537,East Sandwich,MA,Barnstable,41.7283,-70.44
2538,East Wareham,MA,Plymouth,41.7682,-70.6532
2539,Edgartown,MA,Dukes,41.3889,-70.5339
2540,Falmouth,MA,Barnstable,41.5648,-70.6217
2541,Falmouth,MA,Barnstable,41.5515,-70.6148
2542,Buzzards Bay,MA,Barnstable,41.6531,-70.5537
2543,Woods Hole,MA,Barnstable,41.5263,-70.6643
2552,Menemsha,MA,Dukes,41.3798,-70.6431
2553,Monument Beach,MA,Barnstable,41.6734,-70.608
2554,Nantucket,MA,Nantucket,41.2725,-70.0932
2556,North Falmouth,MA,Barnstable,41.6417,-70.623
2557,Oak Bluffs,MA,Dukes,41.4543,-70.562
2558,Onset,MA,Plymouth,41.7476,-70.6582
2559,Pocasset,MA,Barnstable,41.6881,-70.6105
2561,Sagamore,MA,Barnstable,41.7703,-70.5337
2562,Sagamore Beach,MA,Barnstable,41.7933,-70.5196
2563,Sandwich,MA,Barnstable,41.7113,-70.4775
2564,Siasconset,MA,Nantucket,41.2639,-69.9626
2568,Vineyard Haven,MA,Dukes,41.45,-70.5937
2571,Wareham,MA,Plymouth,41.7541,-70.7116
2574,West Falmouth,MA,Barnstable,41.6039,-70.6382
2575,West Tisbury,MA,Dukes,41.4213,-70.6428
2576,West Wareham,MA,Plymouth,41.7796,-70.7642
2584,Nantucket,MA,Nantucket,41.2778,-70.046
2601,Hyannis,MA,Barnstable,41.6601,-70.2967
2630,Barnstable,MA,Barnstable,41.6983,-70.3001
2631,Brewster,MA,Barnstable,41.7492,-70.0699
2632,Centerville,MA,Barnstable,41.6606,-70.3532
2633,Chatham,MA,Barnstable,41.6889,-69.9722
2634,Centerville,MA,Barnstable,41.6487,-70.3481
2635,Cotuit,MA,Barnstable,41.6243,-70.4364
2637,Cummaquid,MA,Barnstable,41.7014,-70.2772
2638,Dennis,MA,Barnstable,41.7322,-70.1911
2639,Dennis Port,MA,Barnstable,41.6649,-70.1327
2641,East Dennis,MA,Barnstable,41.7426,-70.162
2642,Eastham,MA,Barnstable,41.8408,-69.9849
2643,East Orleans,MA,Barnstable,41.7843,-69.962
2644,Forestdale,MA,Barnstable,41.6827,-70.5143
2645,Harwich,MA,Barnstable,41.7008,-70.0579
2646,Harwich Port,MA,Barnstable,41.6703,-70.0722
2647,Hyannis Port,MA,Barnstable,41.635,-70.3063
2648,Marstons Mills,MA,Barnstable,41.6703,-70.4163
2649,Mashpee,MA,Barnstable,41.6181,-70.4854
2650,North Chatham,MA,Barnstable,41.703,-69.9666
2651,North Eastham,MA,Barnstable,41.8243,-69.9818
2652,North Truro,MA,Barnstable,42.0338,-70.0875
2653,Orleans,MA,Barnstable,41.7792,-69.9822
2655,Osterville,MA,Barnstable,41.63,-70.3837
2657,Provincetown,MA,Barnstable,42.0534,-70.1865
2659,South Chatham,MA,Barnstable,41.6801,-70.0241
2660,South Dennis,MA,Barnstable,41.7097,-70.1585
2661,South Harwich,MA,Barnstable,41.6862,-70.0329
2662,South Orleans,MA,Barnstable,41.7567,-69.9841
2663,South Wellfleet,MA,Barnstable,41.8005,-70.0768
2664,South Yarmouth,MA,Barnstable,41.6739,-70.1949
2666,Truro,MA,Barnstable,41.9988,-70.0564
2667,Wellfleet,MA,Barnstable,41.9289,-70.0186
2668,West Barnstable,MA,Barnstable,41.7002,-70.372
2669,West Chatham,MA,Barnstable,41.6812,-69.9911
2670,West Dennis,MA,Barnstable,41.6626,-70.1681
2671,West Harwich,MA,Barnstable,41.6694,-70.1135
2672,West Hyannisport,MA,Barnstable,41.6356,-70.3233
2673,West Yarmouth,MA,Barnstable,41.6614,-70.2363
2675,Yarmouth Port,MA,Barnstable,41.7051,-70.227
2702,Assonet,MA,Bristol,41.7975,-71.0607
2703,Attleboro,MA,Bristol,41.9296,-71.3009
2712,Chartley,MA,Bristol,41.9487,-71.2259
2713,Cuttyhunk,MA,Dukes,41.4218,-70.9313
2714,Dartmouth,MA,Bristol,41.7562,-71.0671
2715,Dighton,MA,Bristol,41.8125,-71.1427
2717,East Freetown,MA,Bristol,41.7635,-70.9677
2718,East Taunton,MA,Bristol,41.8736,-71.0192
2719,Fairhaven,MA,Bristol,41.6409,-70.8896
2720,Fall River,MA,Bristol,41.7182,-71.14
2721,Fall River,MA,Bristol,41.6883,-71.1574
2722,Fall River,MA,Bristol,41.7015,-71.155
2723,Fall River,MA,Bristol,41.6926,-71.1332
2724,Fall River,MA,Bristol,41.685,-71.1748
2725,Somerset,MA,Bristol,41.7223,-71.178
2726,Somerset,MA,Bristol,41.756,-71.1492
2738,Marion,MA,Plymouth,41.7095,-70.7613
2739,Mattapoisett,MA,Plymouth,41.6618,-70.8164
2740,New Bedford,MA,Bristol,41.6347,-70.9372
2741,New Bedford,MA,Bristol,41.6362,-70.9342
2742,New Bedford,MA,Bristol,41.6362,-70.9342
2743,Acushnet,MA,Bristol,41.6997,-70.9087
2744,New Bedford,MA,Bristol,41.6127,-70.9167
2745,New Bedford,MA,Bristol,41.6913,-70.9355
2746,New Bedford,MA,Bristol,41.66,-70.9324
2747,North Dartmouth,MA,Bristol,41.6338,-70.9958
2748,South Dartmouth,MA,Bristol,41.5665,-70.9843
2760,North Attleboro,MA,Bristol,41.9775,-71.3298
2761,North Attleboro,MA,Bristol,41.9834,-71.3328
2762,Plainville,MA,Norfolk,42.0124,-71.3275
2763,Attleboro Falls,MA,Bristol,41.9726,-71.3082
2764,North Dighton,MA,Bristol,41.8529,-71.1485
2766,Norton,MA,Bristol,41.9718,-71.1894
2767,Raynham,MA,Bristol,41.9324,-71.0469
2768,Raynham Center,MA,Bristol,41.7562,-71.0671
2769,Rehoboth,MA,Bristol,41.8515,-71.2545
2770,Rochester,MA,Plymouth,41.7591,-70.8523
2771,Seekonk,MA,Bristol,41.8378,-71.3224
2777,Swansea,MA,Bristol,41.7473,-71.2122
2779,Berkley,MA,Bristol,41.8353,-71.0765
2780,Taunton,MA,Bristol,41.905,-71.1026
2783,Taunton,MA,Bristol,41.7562,-71.0671
2790,Westport,MA,Bristol,41.6211,-71.089
2791,Westport Point,MA,Bristol,41.5223,-71.0745
2801,Adamsville,RI,Newport,41.5301,-71.2841
2802,Albion,RI,Providence,41.9512,-71.4545
2804,Ashaway,RI,Washington,41.4231,-71.7837
2806,Barrington,RI,Bristol,41.7443,-71.3175
2807,Block Island,RI,Washington,41.1715,-71.5748
2808,Bradford,RI,Washington,41.4114,-71.7465
2809,Bristol,RI,Bristol,41.6825,-71.2676
2812,Carolina,RI,Washington,41.4691,-71.6751
